country,degree_centrality,betweenness_centrality,eigenvector_centrality,degree_rank,betweenness_rank,eigenvector_rank
Turkmenistan,0.14646464646464646,0.12500640927036866,0.00030031436398373365,32,1,60
Yemen Arab Republic,0.10101010101010102,0.12423729682612931,0.002401302397313145,53,2,57
Albania,0.13636363636363638,0.116751269035533,0.10787977890295863,40,3,39
South Korea,0.21717171717171718,0.08019279085268934,0.1482259961675144,19,4,19
Belarus,0.045454545454545456,0.06511818694559812,0.012702231302007082,79,5,54
Hungary,0.14141414141414144,0.03517407578321284,0.11033475395729861,37,6,36
Sudan,0.13131313131313133,0.023688663282571912,9.367600431100037e-05,43,7,61
Yemen People's Republic,0.06565656565656566,0.021945341742296058,7.720677842699439e-05,62,8,68
Ukraine,0.14646464646464646,0.0217402450904989,0.09876042104288757,32,9,41
Malaysia,0.04040404040404041,0.019330359431882275,1.0103743474035726e-05,84,10,94
Cape Verde,0.025252525252525256,0.01471568476644619,1.884962365131789e-06,98,11,114
Sri Lanka,0.045454545454545456,0.013638927344511102,6.551481482532804e-05,79,12,76
Guinea-Bissau,0.015151515151515152,0.013126185715018203,6.689416786103707e-06,111,13,107
Yemen,0.11616161616161617,0.012151976618981696,2.2347260873663798e-05,47,14,84
Saudi Arabia,0.06565656565656566,0.011895605804235246,6.633553715972376e-05,62,15,75
Mauritania,0.05050505050505051,0.011741783315387376,6.651670231148194e-05,74,16,74
Vietnam,0.06060606060606061,0.011485412500640928,0.00039034263742045465,65,17,59
North Korea,0.05555555555555556,0.011280315848843769,1.646417836159631e-05,69,18,87
Somalia,0.07575757575757576,0.010972670871148029,7.670692634163007e-05,58,19,69
Czechoslovakia,0.10101010101010102,0.009383171819720043,0.06123422971744381,53,20,49
Tanzania,0.045454545454545456,0.008819156027277855,6.0678082478405125e-05,79,21,77
German Democratic Republic,0.045454545454545456,0.008614059375480695,0.015189793216280794,79,22,52
Georgia,0.2272727272727273,0.008511511049582116,0.15808631747425508,18,23,18
Germany,0.2474747474747475,0.007844946931241348,0.1794684619612562,4,24,10
Tajikistan,0.020202020202020204,0.007793672768292058,3.8561752067316394e-05,104,25,80
Croatia,0.2474747474747475,0.007434753627647029,0.18005856078080057,4,26,7
Angola,0.04040404040404041,0.00702456032405271,1.2267392411878258e-05,84,27,92
Algeria,0.07070707070707072,0.00687073783520484,8.557775194328132e-05,60,28,64
Italy,0.19191919191919193,0.006819463672255551,0.14386510583674625,20,29,21
Niger,0.030303030303030304,0.006768189509306261,8.408240402299142e-06,92,30,100
Zimbabwe,0.030303030303030304,0.006665641183407681,8.03040322036959e-06,92,31,101
Benin,0.010101010101010102,0.0065118186945598115,4.431870787744146e-08,123,32,127
Thailand,0.010101010101010102,0.0065118186945598115,2.7443350339830004e-07,123,32,124
Namibia,0.03535353535353536,0.006255447879813363,9.197384320506538e-06,88,34,95
Egypt,0.10606060606060606,0.006152899553914783,8.73335737338269e-05,50,35,62
Brunei,0.08585858585858587,0.006101625390965493,2.2449737744176446e-05,56,36,83
Kyrgyzstan,0.015151515151515152,0.0054863354355740145,0.0013943968617185654,111,37,58
Afghanistan,0.030303030303030304,0.005332512946726145,7.517530212817844e-05,92,38,70
Indonesia,0.06060606060606061,0.005281238783776855,6.984184545211188e-05,65,39,72
New Zealand,0.16666666666666669,0.005127416294928986,0.12334608444919375,28,40,29
Bangladesh,0.05555555555555556,0.005127416294928986,1.6072636426025342e-05,69,40,88
Qatar,0.08080808080808081,0.004717222991334666,2.0812360578131677e-05,57,42,85
Iraq,0.06060606060606061,0.004563400502486797,7.89992837775265e-05,65,43,65
San Marino,0.24242424242424243,0.0037942880582474492,0.17575080558189474,11,44,15
Switzerland,0.2373737373737374,0.003537917243501,0.17526083615115315,16,45,16
Poland,0.14141414141414144,0.00343536891760242,0.11027495712060208,37,46,37
Oman,0.09090909090909091,0.0027688047992616522,2.409788903515852e-05,55,47,82
Yugoslavia,0.11111111111111112,0.0026662564733630724,0.09309093349722561,48,48,46
Bulgaria,0.14646464646464646,0.0026149823104137824,0.11049715424395379,32,49,35
Guinea,0.05555555555555556,0.002563708147464493,7.866125912592625e-05,69,50,66
Congo,0.030303030303030304,0.0018971440291237246,1.2678085502290245e-05,92,51,90
Paraguay,0.030303030303030304,0.0013844023996308261,1.054634686608178e-10,92,52,130
Bolivia,0.015151515151515152,0.0011793057478336666,2.7477859154205747e-11,111,53,136
Mozambique,0.04040404040404041,0.001076757421935087,1.908572545290005e-05,84,54,86
Laos,0.025252525252525256,0.0009742090960365073,1.2311521112273692e-05,98,55,91
Mali,0.05050505050505051,0.0008716607701379275,7.781855345638473e-05,74,56,67
Kuwait,0.06565656565656566,0.0008716607701379275,6.952154633576356e-05,62,56,73
Jordan,0.03535353535353536,0.0008203866071886377,4.415359173132382e-06,88,58,112
Libya,0.04040404040404041,0.0007691124442393479,7.140265344451514e-05,84,59,71
Bahrain,0.06060606060606061,0.000717838281290058,1.1611178714853271e-05,65,60,93
Austria,0.16666666666666669,0.0006665641183407681,0.13255786646519271,28,61,27
Cuba,0.025252525252525256,0.0006152899553914783,1.5103967327531555e-05,98,62,89
Japan,0.15151515151515152,0.0005640157924421884,0.11299199212145206,30,63,33
Netherlands,0.19191919191919193,0.0005127416294928985,0.14668050326759094,20,65,20
Ireland,0.16666666666666669,0.0005127416294928985,0.1314483940112305,28,65,28
Sao Tome and Principe,0.020202020202020204,0.0005127416294928985,6.921791203952072e-07,104,65,121
Ecuador,0.010101010101010102,0.00046146746654360867,6.932757327731928e-12,123,68,138
Dominican Republic,0.020202020202020204,0.00046146746654360867,7.5108448891143e-11,104,68,133
Portugal,0.14646464646464646,0.00046146746654360867,0.122296343939871,32,68,30
Canada,0.14141414141414144,0.00041019330359431884,0.09527858428947916,37,71,44
Djibouti,0.05555555555555556,0.00041019330359431884,9.148123524944135e-06,69,71,96
Monaco,0.24242424242424243,0.00041019330359431884,0.17747111505428936,11,71,12
Eritrea,0.020202020202020204,0.00041019330359431884,7.402636963633867e-06,104,71,103
Tunisia,0.05050505050505051,0.000358919140645029,8.702597161444882e-06,74,74,98
Iceland,0.1767676767676768,0.000358919140645029,0.1408674004584167,25,74,24
Denmark,0.18181818181818182,0.00030764497769573913,0.14162976248628026,23,76,23
Romania,0.13131313131313133,0.00030764497769573913,0.1100678027067531,43,76,38
Uganda,0.010101010101010102,0.00025637081474644925,1.566914342616864e-06,123,79,118
United Kingdom,0.13636363636363638,0.00025637081474644925,0.09776131030113143,40,79,42
Palau,0.020202020202020204,0.00025637081474644925,3.6815835555012206e-12,104,79,140
Liechtenstein,0.24242424242424243,0.00020509665179715942,0.17726407455017887,11,82,13
Lithuania,0.2474747474747475,0.00020509665179715942,0.1803273957158045,4,82,6
Morocco,0.03535353535353536,0.00020509665179715942,8.677407132837558e-06,88,82,99
St. Kitts and Nevis,0.015151515151515152,0.00015382248884786957,3.968375757035018e-13,111,84,146
Pakistan,0.010101010101010102,0.00015382248884786957,8.384432518073441e-07,123,84,120
Costa Rica,0.025252525252525256,0.00010254832589857971,9.952117416697237e-11,98,87,132
Russia,0.04040404040404041,0.00010254832589857971,0.012756145385786502,84,87,53
Spain,0.13131313131313133,0.00010254832589857971,0.11270500341382812,43,87,34
Syria,0.05050505050505051,0.00010254832589857971,8.624309649064781e-05,74,87,63
France,0.12626262626262627,5.1274162949289855e-05,0.09660205523546461,46,93,43
Cyprus,0.10606060606060606,5.1274162949289855e-05,0.0868747221726986,50,93,48
United Arab Emirates,0.045454545454545456,5.1274162949289855e-05,8.823158296807357e-06,79,93,97
Belgium,0.18181818181818182,5.1274162949289855e-05,0.1406945981460036,23,93,25
Latvia,0.2474747474747475,5.1274162949289855e-05,0.17967980522013147,4,93,9
Greece,0.10606060606060606,5.1274162949289855e-05,0.09415391489800311,50,93,45
German Federal Republic,0.05050505050505051,5.1274162949289855e-05,0.030257117298146157,74,93,51
Gambia,0.005050505050505051,0.0,6.4911107199976e-06,140,148,111
Gabon,0.005050505050505051,0.0,1.9908214237836217e-07,140,148,126
Finland,0.13131313131313133,0.0,0.11547622600697306,43,148,32
Fiji,0.0,0.0,6.429215869882488e-17,174,148,174
Ethiopia,0.005050505050505051,0.0,2.735781924704998e-07,140,148,125
Federated States of Micronesia,0.010101010101010102,0.0,2.949023258831286e-12,123,148,141
Estonia,0.2474747474747475,0.0,0.18121003678801784,4,148,4
Equatorial Guinea,0.0,0.0,6.429215869882488e-17,174,148,174
Dominica,0.0,0.0,6.429215869882488e-17,174,148,174
El Salvador,0.015151515151515152,0.0,7.45059620372572e-11,111,148,134
East Timor,0.0,0.0,6.429215869882488e-17,174,148,174
China,0.005050505050505051,0.0,4.190936731004407e-07,140,148,122
Chad,0.010101010101010102,0.0,7.033005937711041e-06,123,148,104
Central African Republic,0.0,0.0,6.429215869882488e-17,174,148,174
Czech Republic,0.24242424242424243,0.0,0.1799404462158172,11,148,8
Democratic Republic of the Congo,0.005050505050505051,0.0,6.715492449324774e-06,140,148,106
Comoros,0.015151515151515152,0.0,1.6139722251053921e-06,111,148,117
Chile,0.0,0.0,6.429215869882488e-17,174,148,174
Colombia,0.005050505050505051,0.0,1.7101062057797688e-11,140,148,137
Bahamas,0.0,0.0,6.429215869882488e-17,174,148,174
Andorra,0.24242424242424243,0.0,0.18097225763545507,11,148,5
Antigua & Barbuda,0.005050505050505051,0.0,2.1188630169175816e-13,140,148,149
Argentina,0.0,0.0,6.429215869882488e-17,174,148,174
Belize,0.0,0.0,6.429215869882488e-17,174,148,174
Brazil,0.0,0.0,6.429215869882488e-17,174,148,174
Botswana,0.0,0.0,6.429215869882488e-17,174,148,174
Bosnia and Herzegovina,0.2373737373737374,0.0,0.1727575736507992,16,148,17
Cambodia,0.005050505050505051,0.0,6.951866510765733e-06,140,148,105
Barbados,0.0,0.0,6.429215869882488e-17,174,148,174
Australia,0.14141414141414144,0.0,0.1014092724767713,37,148,40
Azerbaijan,0.010101010101010102,0.0,7.6380810092942e-06,123,148,102
Armenia,0.0,0.0,6.429215869882488e-17,174,148,174
Nicaragua,0.005050505050505051,0.0,6.5332131783228516e-12,140,148,139
Nepal,0.0,0.0,6.429215869882488e-17,174,148,174
Myanmar,0.025252525252525256,0.0,6.667103257002952e-06,98,148,109
Nauru,0.0,0.0,6.429215869882488e-17,174,148,174
Moldova,0.2474747474747475,0.0,0.17820955142384035,4,148,11
Mexico,0.0,0.0,6.429215869882488e-17,174,148,174
Mongolia,0.030303030303030304,0.0,0.007418476462716474,92,148,55
Montenegro,0.2373737373737374,0.0,0.18125269885786355,16,148,3
Mauritius,0.0,0.0,6.429215869882488e-17,174,148,174
Lebanon,0.010101010101010102,0.0,1.7697389136140485e-06,123,148,116
Madagascar,0.005050505050505051,0.0,1.3080312506541862e-09,140,148,129
Macedonia,0.24242424242424243,0.0,0.17651200028982988,11,148,14
Malawi,0.0,0.0,6.429215869882488e-17,174,148,174
Maldives,0.005050505050505051,0.0,2.7933482973833453e-07,140,148,123
Malta,0.10101010101010102,0.0,0.0871198708595764,53,148,47
Marshall Islands,0.010101010101010102,0.0,2.8469147572385614e-12,123,148,142
Lesotho,0.0,0.0,6.429215869882488e-17,174,148,174
Liberia,0.0,0.0,6.429215869882488e-17,174,148,174
Luxembourg,0.18181818181818182,0.0,0.14182733872650038,23,148,22
Honduras,0.025252525252525256,0.0,1.0217388600390382e-10,98,148,131
Grenada,0.0,0.0,6.429215869882488e-17,174,148,174
Ghana,0.0,0.0,6.429215869882488e-17,174,148,174
Guatemala,0.0,0.0,6.429215869882488e-17,174,148,174
Haiti,0.0,0.0,6.429215869882488e-17,174,148,174
India,0.0,0.0,6.429215869882488e-17,174,148,174
Ivory Coast,0.0,0.0,6.429215869882488e-17,174,148,174
Israel,0.005050505050505051,0.0,1.432784533560628e-12,140,148,144
Iran,0.010101010101010102,0.0,1.094245001255641e-06,123,148,119
Jamaica,0.0,0.0,6.429215869882488e-17,174,148,174
Kazakhstan,0.010101010101010102,0.0,3.0660682774242575e-05,123,148,81
Kenya,0.0,0.0,6.429215869882488e-17,174,148,174
Kiribati,0.0,0.0,6.429215869882488e-17,174,148,174
Guyana,0.0,0.0,6.429215869882488e-17,174,148,174
Cameroon,0.0,0.0,6.429215869882488e-17,174,148,174
Burkina Faso,0.010101010101010102,0.0,6.657078783361241e-06,123,148,110
Burundi,0.020202020202020204,0.0,5.677580636911363e-05,104,148,78
Bhutan,0.0,0.0,6.429215869882488e-17,174,148,174
Solomon Islands,0.0,0.0,6.429215869882488e-17,174,148,174
South Africa,0.0,0.0,6.429215869882488e-17,174,148,174
Seychelles,0.015151515151515152,0.0,1.945369522251352e-06,111,148,113
Rwanda,0.0,0.0,6.429215869882488e-17,174,148,174
Samoa,0.0,0.0,6.429215869882488e-17,174,148,174
Slovakia,0.24242424242424243,0.0,0.18137305051282973,11,148,2
Slovenia,0.2474747474747475,0.0,0.18309204597085524,4,148,1
Singapore,0.0,0.0,6.429215869882488e-17,174,148,174
Sierra Leone,0.0,0.0,6.429215869882488e-17,174,148,174
Senegal,0.010101010101010102,0.0,6.673414645636209e-06,123,148,108
St. Vincent and the Grenadines,0.005050505050505051,0.0,2.3841268150995234e-13,140,148,147
Taiwan,0.005050505050505051,0.0,0.003192886170287144,140,148,56
Swaziland,0.0,0.0,6.429215869882488e-17,174,148,174
Sweden,0.14141414141414144,0.0,0.1184322676182021,37,148,31
Suriname,0.0,0.0,6.429215869882488e-17,174,148,174
South Sudan,0.0,0.0,6.429215869882488e-17,174,148,174
St. Lucia,0.005050505050505051,0.0,2.361009326486321e-13,140,148,148
Trinidad and Tobago,0.0,0.0,6.429215869882488e-17,174,148,174
Togo,0.0,0.0,6.429215869882488e-17,174,148,174
Tuvalu,0.0,0.0,6.429215869882488e-17,174,148,174
Turkey,0.07575757575757576,0.0,0.06122545300509191,58,148,50
Nigeria,0.005050505050505051,0.0,1.8129909525824216e-06,140,148,115
Norway,0.17171717171717174,0.0,0.13854821417836327,26,148,26
Panama,0.0,0.0,6.429215869882488e-17,174,148,174
Philippines,0.005050505050505051,0.0,1.1030070870014176e-08,140,148,128
Papua New Guinea,0.0,0.0,6.429215869882488e-17,174,148,174
Peru,0.0,0.0,6.429215869882488e-17,174,148,174
Venezuela,0.005050505050505051,0.0,1.7049070264549642e-12,140,148,143
Vanuatu,0.0,0.0,6.429215869882488e-17,174,148,174
Uzbekistan,0.0,0.0,6.429215869882488e-17,174,148,174
Uruguay,0.015151515151515152,0.0,7.051078126924564e-11,111,148,135
United States of America,0.005050505050505051,0.0,1.3594793856066892e-12,140,148,145
Tonga,0.0,0.0,6.429215869882488e-17,174,148,174
Zambia,0.010101010101010102,0.0,5.2414847131036594e-05,123,148,79
