country,delta_S,rank
Malaysia,0.02010050251256279,1
Turkmenistan,0.02010050251256279,2
Cape Verde,0.015075376884422176,3
Italy,0.01005025125628145,4
North Korea,0.01005025125628145,5
Benin,0.01005025125628145,6
Angola,0.01005025125628145,7
Thailand,0.01005025125628145,8
Niger,0.01005025125628145,9
Somalia,0.01005025125628145,10
Germany,0.005025125628140725,11
Bangladesh,0.005025125628140725,12
Belgium,0.005025125628140725,13
Belarus,0.005025125628140725,14
Austria,0.005025125628140725,15
Bosnia and Herzegovina,0.005025125628140725,16
Greece,0.005025125628140725,17
Azerbaijan,0.005025125628140725,18
Australia,0.005025125628140725,19
Bulgaria,0.005025125628140725,20
Burkina Faso,0.005025125628140725,21
Brunei,0.005025125628140725,22
Bahrain,0.005025125628140725,23
Congo,0.005025125628140725,24
China,0.005025125628140725,25
Comoros,0.005025125628140725,26
Burundi,0.005025125628140725,27
Gabon,0.005025125628140725,28
France,0.005025125628140725,29
Georgia,0.005025125628140725,30
Egypt,0.005025125628140725,31
Djibouti,0.005025125628140725,32
Chad,0.005025125628140725,33
Cambodia,0.005025125628140725,34
Canada,0.005025125628140725,35
Czech Republic,0.005025125628140725,36
Cyprus,0.005025125628140725,37
Cuba,0.005025125628140725,38
Croatia,0.005025125628140725,39
Finland,0.005025125628140725,40
Ethiopia,0.005025125628140725,41
German Democratic Republic,0.005025125628140725,42
German Federal Republic,0.005025125628140725,43
Gambia,0.005025125628140725,44
Eritrea,0.005025125628140725,45
Estonia,0.005025125628140725,46
Macedonia,0.005025125628140725,47
Montenegro,0.005025125628140725,48
Mongolia,0.005025125628140725,49
Monaco,0.005025125628140725,50
Moldova,0.005025125628140725,51
Laos,0.005025125628140725,52
Libya,0.005025125628140725,53
Liechtenstein,0.005025125628140725,54
Lithuania,0.005025125628140725,55
Guinea-Bissau,0.005025125628140725,56
Hungary,0.005025125628140725,57
Guinea,0.005025125628140725,58
Kyrgyzstan,0.005025125628140725,59
Kuwait,0.005025125628140725,60
Lebanon,0.005025125628140725,61
Latvia,0.005025125628140725,62
Ireland,0.005025125628140725,63
Iran,0.005025125628140725,64
Denmark,0.005025125628140725,65
Czechoslovakia,0.005025125628140725,66
Democratic Republic of the Congo,0.005025125628140725,67
Algeria,0.005025125628140725,68
Andorra,0.005025125628140725,69
Albania,0.005025125628140725,70
Afghanistan,0.005025125628140725,71
Zambia,0.005025125628140725,72
Yugoslavia,0.005025125628140725,73
Zimbabwe,0.005025125628140725,74
Vietnam,0.005025125628140725,75
Yemen,0.005025125628140725,76
Uganda,0.005025125628140725,77
Ukraine,0.005025125628140725,78
Tunisia,0.005025125628140725,79
Syria,0.005025125628140725,80
Taiwan,0.005025125628140725,81
Tanzania,0.005025125628140725,82
Tajikistan,0.005025125628140725,83
Sweden,0.005025125628140725,84
Switzerland,0.005025125628140725,85
Seychelles,0.005025125628140725,86
Romania,0.005025125628140725,87
Yemen People's Republic,0.005025125628140725,88
Yemen Arab Republic,0.005025125628140725,89
Turkey,0.005025125628140725,90
Slovakia,0.005025125628140725,91
Sudan,0.005025125628140725,92
Sri Lanka,0.005025125628140725,93
Senegal,0.005025125628140725,94
Saudi Arabia,0.005025125628140725,95
Portugal,0.005025125628140725,96
Madagascar,0.005025125628140725,97
Maldives,0.005025125628140725,98
Mali,0.005025125628140725,99
Luxembourg,0.005025125628140725,100
Iraq,0.005025125628140725,101
Indonesia,0.005025125628140725,102
Iceland,0.005025125628140725,103
Pakistan,0.005025125628140725,104
Oman,0.005025125628140725,105
Nigeria,0.005025125628140725,106
Norway,0.005025125628140725,107
New Zealand,0.005025125628140725,108
Netherlands,0.005025125628140725,109
Myanmar,0.005025125628140725,110
Namibia,0.005025125628140725,111
Mozambique,0.005025125628140725,112
Morocco,0.005025125628140725,113
Malta,0.005025125628140725,114
Mauritania,0.005025125628140725,115
United Kingdom,0.005025125628140725,116
United Arab Emirates,0.005025125628140725,117
South Korea,0.005025125628140725,118
Spain,0.005025125628140725,119
Philippines,0.005025125628140725,120
Russia,0.005025125628140725,121
Slovenia,0.005025125628140725,122
San Marino,0.005025125628140725,123
Qatar,0.005025125628140725,124
Kazakhstan,0.005025125628140725,125
Jordan,0.005025125628140725,126
Japan,0.005025125628140725,127
Sao Tome and Principe,0.005025125628140725,128
Poland,0.005025125628140725,129
Antigua & Barbuda,0.0,130
Belize,0.0,131
Bahamas,0.0,132
Armenia,0.0,133
Barbados,0.0,134
Argentina,0.0,135
Grenada,0.0,136
Ghana,0.0,137
Federated States of Micronesia,0.0,138
Fiji,0.0,139
East Timor,0.0,140
Ecuador,0.0,141
El Salvador,0.0,142
Equatorial Guinea,0.0,143
Dominican Republic,0.0,144
Costa Rica,0.0,145
Dominica,0.0,146
Brazil,0.0,147
Cameroon,0.0,148
Central African Republic,0.0,149
Chile,0.0,150
Colombia,0.0,151
Botswana,0.0,152
Bolivia,0.0,153
Bhutan,0.0,154
Haiti,0.0,155
Guyana,0.0,156
Guatemala,0.0,157
Honduras,0.0,158
Mauritius,0.0,159
Ivory Coast,0.0,160
Israel,0.0,161
India,0.0,162
Jamaica,0.0,163
Kenya,0.0,164
Kiribati,0.0,165
Lesotho,0.0,166
Liberia,0.0,167
Palau,0.0,168
Nicaragua,0.0,169
Nepal,0.0,170
Nauru,0.0,171
Malawi,0.0,172
Mexico,0.0,173
Marshall Islands,0.0,174
Sierra Leone,0.0,175
Panama,0.0,176
Papua New Guinea,0.0,177
Paraguay,0.0,178
Peru,0.0,179
Samoa,0.0,180
Rwanda,0.0,181
Solomon Islands,0.0,182
South Africa,0.0,183
St. Vincent and the Grenadines,0.0,184
St. Lucia,0.0,185
St. Kitts and Nevis,0.0,186
South Sudan,0.0,187
Singapore,0.0,188
Swaziland,0.0,189
Suriname,0.0,190
Trinidad and Tobago,0.0,191
Tuvalu,0.0,192
Togo,0.0,193
Tonga,0.0,194
United States of America,0.0,195
Vanuatu,0.0,196
Uzbekistan,0.0,197
Uruguay,0.0,198
Venezuela,0.0,199
